DiaSemana,Data,Semana,MGNewDeaths,MGDeaths,MGNewCases,MGTotalCases,AlfNewDeaths,AlfDeaths,AlfNewCases,AlfTotalCases,PdcNewDeaths,PdcDeaths,PdcNewCases,PdcTotalCases,VarNewDeaths,VarDeaths,VarNewCases,VarTotalCases,SdmNewDeaths,SdmDeaths,SdmNewCases,SdmTotalCases,CdvNewDeaths,CdvDeaths,CdvNewCases,CdvTotalCases,OdmNewDeaths,OdmDeaths,OdmNewCases,OdmTotalCases,MbhNewDeaths,MbhDeaths,MbhNewCases,MbhTotalCases,SPNewDeaths,SPDeaths,SPNewCases,SPTotalCases,CamNewDeaths,CamDeaths,CamNewCases,CamTotalCases,SjrNewDeaths,SjrDeaths,SjrNewCases,SjrTotalCases,RbpNewDeaths,RbpDeaths,RbpNewCases,RbpTotalCases,MmpNewDeaths,MmpDeaths,MmpNewCases,MmpTotalCases,MspNewDeaths,MspDeaths,MspNewCases,MspTotalCases,VppNewDeaths,VppDeaths,VppNewCases,VppTotalCases,AraNewDeaths,AraDeaths,AraNewCases,AraTotalCases,PirNewDeaths,PirDeaths,PirNewCases,PirTotalCases
ter,2020-02-25,9,0,0,0,0,0,0,0,0,0,0,0,0,0,0,0,0,0,0,0,0,0,0,0,0,0,0,0,0,0,0,0,0,0,0,1,1,0,0,0,0,0,0,0,0,0,0,0,0,0,0,0,0,0,0,1,1,0,0,0,0,0,0,0,0,0,0,0,0
qua,2020-02-26,9,0,0,0,0,0,0,0,0,0,0,0,0,0,0,0,0,0,0,0,0,0,0,0,0,0,0,0,0,0,0,0,0,0,0,0,1,0,0,0,0,0,0,0,0,0,0,0,0,0,0,0,0,0,0,0,1,0,0,0,0,0,0,0,0,0,0,0,0
qui,2020-02-27,9,0,0,0,0,0,0,0,0,0,0,0,0,0,0,0,0,0,0,0,0,0,0,0,0,0,0,0,0,0,0,0,0,0,0,0,1,0,0,0,0,0,0,0,0,0,0,0,0,0,0,0,0,0,0,0,1,0,0,0,0,0,0,0,0,0,0,0,0
sex,2020-02-28,9,0,0,0,0,0,0,0,0,0,0,0,0,0,0,0,0,0,0,0,0,0,0,0,0,0,0,0,0,0,0,0,0,0,0,1,2,0,0,0,0,0,0,0,0,0,0,0,0,0,0,0,0,0,0,1,2,0,0,0,0,0,0,0,0,0,0,0,0
sáb,2020-02-29,9,0,0,0,0,0,0,0,0,0,0,0,0,0,0,0,0,0,0,0,0,0,0,0,0,0,0,0,0,0,0,0,0,0,0,0,2,0,0,0,0,0,0,0,0,0,0,0,0,0,0,0,0,0,0,0,2,0,0,0,0,0,0,0,0,0,0,0,0
dom,2020-03-01,10,0,0,0,0,0,0,0,0,0,0,0,0,0,0,0,0,0,0,0,0,0,0,0,0,0,0,0,0,0,0,0,0,0,0,0,2,0,0,0,0,0,0,0,0,0,0,0,0,0,0,0,0,0,0,0,2,0,0,0,0,0,0,0,0,0,0,0,0
seg,2020-03-02,10,0,0,0,0,0,0,0,0,0,0,0,0,0,0,0,0,0,0,0,0,0,0,0,0,0,0,0,0,0,0,0,0,0,0,0,2,0,0,0,0,0,0,0,0,0,0,0,0,0,0,0,0,0,0,0,2,0,0,0,0,0,0,0,0,0,0,0,0
ter,2020-03-03,10,0,0,0,0,0,0,0,0,0,0,0,0,0,0,0,0,0,0,0,0,0,0,0,0,0,0,0,0,0,0,0,0,0,0,0,2,0,0,0,0,0,0,0,0,0,0,0,0,0,0,0,0,0,0,0,2,0,0,0,0,0,0,0,0,0,0,0,0
qua,2020-03-04,10,0,0,0,0,0,0,0,0,0,0,0,0,0,0,0,0,0,0,0,0,0,0,0,0,0,0,0,0,0,0,0,0,0,0,1,3,0,0,0,0,0,0,0,0,0,0,0,0,0,0,0,0,0,0,1,3,0,0,0,0,0,0,0,0,0,0,0,0
qui,2020-03-05,10,0,0,0,0,0,0,0,0,0,0,0,0,0,0,0,0,0,0,0,0,0,0,0,0,0,0,0,0,0,0,0,0,0,0,3,6,0,0,0,0,0,0,0,0,0,0,0,0,0,0,0,0,0,0,3,6,0,0,0,0,0,0,0,0,0,0,0,0
sex,2020-03-06,10,0,0,0,0,0,0,0,0,0,0,0,0,0,0,0,0,0,0,0,0,0,0,0,0,0,0,0,0,0,0,0,0,0,0,4,10,0,0,0,0,0,0,0,0,0,0,0,0,0,0,0,0,0,0,0,6,0,0,0,0,0,0,0,0,0,0,0,0
sáb,2020-03-07,10,0,0,0,0,0,0,0,0,0,0,0,0,0,0,0,0,0,0,0,0,0,0,0,0,0,0,0,0,0,0,0,0,0,0,3,13,0,0,0,0,0,0,0,0,0,0,0,0,0,0,0,0,0,0,6,12,0,0,0,0,0,0,0,0,0,0,0,0
dom,2020-03-08,11,0,0,1,1,0,0,0,0,0,0,0,0,0,0,0,0,0,0,0,0,0,0,0,0,0,0,1,1,0,0,0,0,0,0,3,16,0,0,0,0,0,0,0,0,0,0,0,0,0,0,0,0,0,0,3,15,0,0,0,0,0,0,0,0,0,0,0,0
seg,2020-03-09,11,0,0,0,1,0,0,0,0,0,0,0,0,0,0,0,0,0,0,0,0,0,0,0,0,0,0,0,1,0,0,0,0,0,0,0,16,0,0,0,0,0,0,0,0,0,0,0,0,0,0,0,0,0,0,0,15,0,0,0,0,0,0,0,0,0,0,0,0
ter,2020-03-10,11,0,0,0,1,0,0,0,0,0,0,0,0,0,0,0,0,0,0,0,0,0,0,0,0,0,0,0,1,0,0,0,0,0,0,3,19,0,0,0,0,0,0,0,0,0,0,0,0,0,0,0,0,0,0,3,18,0,0,0,0,0,0,0,0,0,0,0,0
qua,2020-03-11,11,0,0,0,1,0,0,0,0,0,0,0,0,0,0,0,0,0,0,0,0,0,0,0,0,0,0,0,1,0,0,0,0,0,0,11,30,0,0,0,0,0,0,0,0,0,0,0,0,0,0,0,0,0,0,11,29,0,0,0,0,0,0,0,0,0,0,0,0
qui,2020-03-12,11,0,0,1,2,0,0,0,0,0,0,0,0,0,0,0,0,0,0,0,0,0,0,0,0,0,0,0,1,0,0,0,0,0,0,16,46,0,0,0,0,0,0,0,0,0,0,0,0,0,0,0,0,0,0,15,44,0,0,0,0,0,0,0,0,0,0,0,0
sex,2020-03-13,11,0,0,0,2,0,0,0,0,0,0,0,0,0,0,0,0,0,0,0,0,0,0,0,0,0,0,0,1,0,0,0,0,0,0,10,56,0,0,0,0,0,0,0,0,0,0,0,0,0,0,0,0,0,0,0,44,0,0,0,0,0,0,0,0,0,0,0,0
sáb,2020-03-14,11,0,0,2,4,0,0,0,0,0,0,0,0,0,0,0,0,0,0,0,0,0,0,0,0,0,0,0,1,0,0,0,0,0,0,9,65,0,0,0,0,0,0,0,0,0,0,0,0,0,0,0,0,0,0,18,62,0,0,0,0,0,0,0,0,0,0,0,0
dom,2020-03-15,12,0,0,0,4,0,0,0,0,0,0,0,0,0,0,0,0,0,0,0,0,0,0,0,0,0,0,0,1,0,0,0,0,0,0,71,136,0,0,0,0,0,0,0,0,0,0,0,0,0,0,0,0,0,0,0,62,0,0,0,0,0,0,0,0,0,0,0,0
seg,2020-03-16,12,0,0,2,6,0,0,0,0,0,0,0,0,0,0,0,0,0,0,0,0,0,0,0,0,0,0,0,1,0,0,1,1,0,0,16,152,0,0,0,0,0,0,0,0,0,0,0,0,0,0,0,0,0,0,85,147,0,0,0,0,0,0,0,0,0,0,0,0
ter,2020-03-17,12,0,0,8,14,0,0,0,0,0,0,0,0,0,0,0,0,0,0,0,0,0,0,0,0,0,0,0,1,0,0,5,6,1,1,12,164,0,0,0,0,0,0,0,0,0,0,0,0,0,0,0,0,1,1,12,159,0,0,0,0,0,0,0,0,0,0,0,0
qua,2020-03-18,12,0,0,5,19,0,0,0,0,0,0,0,0,0,0,0,0,0,0,0,0,0,0,0,0,0,0,0,1,0,0,5,11,3,4,77,241,0,0,1,1,0,0,1,1,0,0,0,0,0,0,0,0,2,3,66,225,0,0,1,1,0,0,0,0,0,0,0,0
qui,2020-03-19,12,0,0,10,29,0,0,0,0,0,0,0,0,0,0,0,0,0,0,0,0,0,0,0,0,0,0,0,1,0,0,8,19,1,5,45,286,0,0,0,1,0,0,0,1,0,0,0,0,0,0,0,0,2,5,41,266,0,0,1,2,0,0,0,0,0,0,0,0
sex,2020-03-20,12,0,0,9,38,0,0,0,0,0,0,1,1,0,0,0,0,0,0,1,1,0,0,0,0,0,0,0,1,0,0,2,21,4,9,110,396,0,0,0,1,0,0,0,1,0,0,0,0,0,0,0,0,4,9,49,315,0,0,0,2,0,0,0,0,0,0,0,0
sáb,2020-03-21,12,0,0,17,55,0,0,0,0,0,0,0,1,0,0,0,0,0,0,0,1,0,0,0,0,0,0,0,1,0,0,10,31,6,15,63,459,0,0,0,1,0,0,0,1,0,0,0,0,0,0,0,0,0,9,0,315,0,0,0,2,0,0,0,0,0,0,0,0
dom,2020-03-22,13,0,0,28,83,0,0,0,0,0,0,0,1,0,0,0,0,0,0,0,1,0,0,0,0,0,0,0,1,0,0,0,31,7,22,172,631,0,0,0,1,0,0,0,1,0,0,0,0,0,0,0,0,0,9,0,315,0,0,0,2,0,0,0,0,0,0,0,0
seg,2020-03-23,13,0,0,45,128,0,0,0,0,0,0,0,1,0,0,0,0,0,0,0,1,0,0,0,0,0,0,0,1,0,0,34,65,8,30,114,745,0,0,0,1,0,0,0,1,0,0,0,0,0,0,0,0,0,9,0,315,0,0,0,2,0,0,0,0,0,0,0,0
ter,2020-03-24,13,0,0,2,130,0,0,0,0,0,0,0,1,0,0,0,0,0,0,0,1,0,0,0,0,0,0,0,1,0,0,27,92,10,40,65,810,0,0,0,1,0,0,0,1,0,0,0,0,0,0,0,0,0,9,0,315,0,0,0,2,0,0,0,0,0,0,0,0
qua,2020-03-25,13,0,0,3,133,0,0,0,0,0,0,0,1,0,0,0,0,0,0,0,1,0,0,0,0,0,0,0,1,0,0,3,95,8,48,52,862,0,0,4,5,0,0,0,1,0,0,0,0,0,0,1,1,37,46,445,760,0,0,1,3,0,0,0,0,0,0,0,0
qui,2020-03-26,13,0,0,20,153,0,0,0,0,0,0,0,1,0,0,0,0,0,0,1,2,0,0,1,1,0,0,1,2,0,0,8,103,10,58,191,1053,0,0,0,5,0,0,0,1,1,1,1,1,0,0,1,2,8,54,180,940,0,0,0,3,0,0,0,0,0,0,0,0
sex,2020-03-27,13,0,0,36,189,0,0,0,0,0,0,0,1,0,0,0,0,0,0,0,2,0,0,0,1,0,0,4,6,0,0,24,127,10,68,170,1223,0,0,1,6,0,0,0,1,0,1,2,3,0,0,1,3,10,64,153,1093,0,0,2,5,0,0,0,0,0,0,0,0
sáb,2020-03-28,13,0,0,16,205,0,0,0,0,0,0,0,1,0,0,0,0,0,0,0,2,0,0,1,2,0,0,0,6,0,0,12,139,16,84,183,1406,0,0,0,6,0,0,0,1,0,1,0,3,0,0,0,3,0,64,0,1093,0,0,0,5,0,0,0,0,0,0,0,0
dom,2020-03-29,14,0,0,26,231,0,0,0,0,0,0,1,2,0,0,0,0,0,0,2,4,0,0,0,2,0,0,2,8,0,0,15,154,14,98,45,1451,0,0,0,6,0,0,0,1,0,1,0,3,0,0,0,3,0,64,0,1093,0,0,0,5,0,0,0,0,0,0,0,0
seg,2020-03-30,14,1,1,30,261,0,0,0,0,0,0,0,2,0,0,0,0,0,0,0,4,0,0,0,2,0,0,2,10,1,1,21,175,15,113,66,1517,0,0,6,12,0,0,2,3,0,1,2,5,0,0,0,3,43,107,242,1335,0,0,1,6,0,0,0,0,0,0,3,3
ter,2020-03-31,14,1,2,14,275,0,0,1,1,0,0,0,2,0,0,0,0,0,0,1,5,0,0,0,2,0,0,0,10,1,2,0,175,23,136,822,2339,1,1,8,20,0,0,3,6,0,1,1,6,0,0,0,3,20,127,696,2031,0,0,4,10,0,0,0,0,0,0,2,5
qua,2020-04-01,14,1,3,39,314,0,0,0,1,0,0,0,2,0,0,0,0,0,0,1,6,0,0,1,3,0,0,4,14,0,2,27,202,28,164,642,2981,0,1,9,29,0,0,1,7,0,1,2,8,0,0,2,5,25,152,558,2589,0,0,3,13,0,0,0,0,0,0,2,7
qui,2020-04-02,14,1,4,56,370,0,0,0,1,0,0,0,2,0,0,0,0,0,0,2,8,0,0,2,5,0,0,-4,10,1,3,24,226,24,188,525,3506,0,1,3,32,0,0,0,7,0,1,4,12,0,0,0,5,21,173,430,3019,0,0,2,15,0,0,1,1,0,0,1,8
sex,2020-04-03,14,2,6,27,397,0,0,0,1,0,0,0,2,0,0,0,0,0,0,0,8,0,0,0,5,0,0,3,13,0,3,16,242,31,219,542,4048,0,1,1,33,0,0,0,7,0,1,5,17,0,0,3,8,24,197,432,3451,0,0,6,21,0,0,1,2,0,0,-1,7
sáb,2020-04-04,14,0,6,33,430,0,0,0,1,0,0,0,2,0,0,3,3,0,0,4,12,0,0,1,6,0,0,2,15,0,3,13,255,41,260,418,4466,4,5,4,37,0,0,2,9,0,1,9,26,0,0,1,9,29,226,322,3773,0,0,4,25,0,0,0,2,0,0,1,8
dom,2020-04-05,15,0,6,68,498,0,0,0,1,0,0,0,2,0,0,0,3,0,0,2,14,0,0,0,6,0,0,1,16,0,3,28,283,15,275,154,4620,1,6,0,37,0,0,1,10,0,1,1,27,0,0,1,10,10,236,123,3896,0,0,6,31,0,0,0,2,0,0,0,8
seg,2020-04-06,15,3,9,27,525,0,0,0,1,0,0,0,2,0,0,1,4,1,1,5,19,0,0,1,7,0,0,1,17,1,4,3,286,29,304,246,4866,0,6,2,39,0,0,3,13,0,1,3,30,0,0,4,14,25,261,155,4051,0,0,19,50,0,0,3,5,0,0,2,10
ter,2020-04-07,15,2,11,34,559,0,0,0,1,0,0,0,2,0,0,0,4,1,2,5,24,0,0,0,7,0,0,0,17,1,5,11,297,67,371,816,5682,0,6,24,63,1,1,15,28,1,2,0,30,3,3,19,33,55,316,592,4643,0,0,16,66,0,0,1,6,0,0,2,12
qua,2020-04-08,15,3,14,55,614,0,0,0,1,0,0,0,2,1,1,1,5,2,4,5,29,0,0,0,7,0,0,1,18,1,6,25,322,57,428,1026,6708,2,8,24,87,0,1,8,36,1,3,8,38,1,4,4,37,46,362,782,5425,0,0,18,84,0,0,0,6,0,0,2,14
qui,2020-04-09,15,1,15,41,655,0,0,0,1,0,0,1,3,0,1,1,6,0,4,6,35,0,0,0,7,0,0,4,22,0,6,12,334,68,496,772,7480,1,9,15,102,0,1,5,41,1,4,0,38,1,5,2,39,50,412,607,6032,1,1,5,89,0,0,1,7,0,0,0,14
sex,2020-04-10,15,2,17,43,698,0,0,0,1,0,0,0,3,0,1,0,6,0,4,2,37,0,0,0,7,1,1,-1,21,0,6,22,356,44,540,736,8216,0,9,17,119,0,1,0,41,0,4,0,38,1,6,13,52,33,445,562,6594,0,1,5,94,3,3,4,11,0,0,2,16
sáb,2020-04-11,15,0,17,52,750,0,0,0,1,0,0,1,4,0,1,1,7,0,4,7,44,0,0,1,8,0,1,2,23,0,6,11,367,20,560,203,8419,0,9,4,123,0,1,-1,40,0,4,0,38,0,6,1,53,13,458,169,6763,0,1,1,95,0,3,4,15,0,0,0,16
dom,2020-04-12,16,3,20,56,806,0,0,0,1,0,0,0,4,0,1,0,7,1,5,8,52,0,0,0,8,0,1,1,24,0,6,18,385,28,588,336,8755,0,9,7,130,0,1,4,44,0,4,7,45,0,6,0,53,25,483,242,7005,0,1,2,97,0,3,0,15,1,1,2,18
seg,2020-04-13,16,3,23,9,815,0,0,0,1,0,0,0,4,0,1,0,7,1,6,1,53,0,0,0,8,0,1,0,24,0,6,2,387,20,608,140,8895,0,9,2,132,0,1,2,46,0,4,1,46,1,7,3,56,15,498,87,7092,1,2,0,97,0,3,0,15,0,1,1,19
ter,2020-04-14,16,4,27,69,884,0,0,0,1,0,0,0,4,0,1,0,7,0,6,4,57,0,0,1,9,0,1,11,35,0,6,18,405,87,695,476,9371,1,10,9,141,2,3,10,56,1,5,10,56,0,7,0,56,61,559,332,7424,1,3,6,103,1,4,2,17,0,1,3,22
qua,2020-04-15,16,3,30,19,903,0,0,0,1,0,0,0,4,0,1,0,7,0,6,2,59,0,0,0,9,1,2,0,35,0,6,8,413,83,778,1672,11043,0,10,52,193,0,3,5,61,1,6,13,69,3,10,6,62,58,617,1182,8606,1,4,29,132,0,4,16,33,1,2,2,24
qui,2020-04-16,16,3,33,55,958,0,0,1,2,0,0,0,4,0,1,3,10,0,6,12,71,0,0,0,9,0,2,7,42,1,7,12,425,75,853,525,11568,5,15,11,204,0,3,4,65,0,6,5,74,1,11,16,78,52,669,234,8840,1,5,4,136,0,4,5,38,0,2,1,25
sex,2020-04-17,16,2,35,63,1021,0,0,0,2,0,0,0,4,0,1,1,11,0,6,6,77,0,0,2,11,0,2,-1,41,1,8,26,451,75,928,1273,12841,1,16,34,238,1,4,3,68,-1,5,4,78,2,13,15,93,49,718,926,9766,0,5,29,165,0,4,7,45,1,3,2,27
sáb,2020-04-18,16,4,39,56,1077,0,0,0,2,1,1,4,8,0,1,0,11,3,9,9,86,0,0,1,12,0,2,1,42,0,8,17,468,63,991,1053,13894,2,18,28,266,0,4,2,70,0,5,4,82,0,13,11,104,51,769,750,10516,0,5,4,169,0,4,6,51,0,3,1,28
dom,2020-04-19,17,0,39,77,1154,0,0,0,2,0,1,0,8,0,1,0,11,0,9,4,90,0,0,1,13,0,2,2,44,0,8,31,499,24,1015,373,14267,0,18,0,266,2,6,1,71,0,5,4,86,0,13,2,106,18,787,273,10789,0,5,-1,168,0,4,2,53,0,3,0,28
seg,2020-04-20,17,2,41,35,1189,0,0,0,2,0,1,0,8,0,1,0,11,1,10,7,97,0,0,0,13,0,2,2,46,0,8,14,513,22,1037,313,14580,0,18,9,275,1,7,0,71,0,5,1,87,1,14,6,112,15,802,198,10987,0,5,0,168,0,4,5,58,0,3,2,30
ter,2020-04-21,17,3,44,41,1230,0,0,0,2,0,1,0,8,0,1,0,11,0,10,3,100,0,0,2,15,0,2,3,49,0,8,10,523,56,1093,805,15385,0,18,10,285,1,8,1,72,0,5,3,90,1,15,3,115,40,842,586,11573,0,5,6,174,0,4,2,60,0,3,5,35
qua,2020-04-22,17,3,47,53,1283,0,0,0,2,0,1,0,8,0,1,0,11,0,10,2,102,0,0,0,15,0,2,2,51,1,9,25,548,41,1134,529,15914,2,20,3,288,0,8,1,73,0,5,2,92,2,17,14,129,30,872,416,11989,0,5,5,179,0,4,0,60,0,3,0,35
qui,2020-04-23,17,4,51,25,1308,0,0,0,2,0,1,3,11,0,1,0,11,0,10,8,110,0,0,1,16,0,2,-4,47,1,10,6,554,211,1345,826,16740,3,23,18,306,0,8,1,74,0,5,2,94,2,19,3,132,160,1032,609,12598,3,8,5,184,1,5,1,61,0,3,9,44
sex,2020-04-24,17,3,54,111,1419,0,0,0,2,0,1,3,14,0,1,0,11,0,10,8,118,0,0,0,16,0,2,10,57,2,12,32,586,167,1512,1086,17826,2,25,32,338,0,8,-3,71,0,5,3,97,2,21,1,133,112,1144,707,13305,0,8,19,203,0,5,-2,59,1,4,5,49
sáb,2020-04-25,17,4,58,62,1481,0,0,0,2,0,1,0,14,0,1,1,12,0,10,9,127,0,0,1,17,0,2,7,64,1,13,10,596,155,1667,2178,20004,0,25,43,381,0,8,5,76,0,5,4,101,3,24,12,145,103,1247,1520,14825,0,8,20,223,0,5,2,61,1,5,10,59
dom,2020-04-26,18,3,61,67,1548,0,0,1,3,0,1,0,14,0,1,0,12,0,10,5,132,0,0,1,18,0,2,0,64,0,13,17,613,33,1700,711,20715,1,26,13,394,0,8,1,77,0,5,0,101,0,24,4,149,22,1269,543,15368,0,8,1,224,0,5,0,61,1,6,2,61
seg,2020-04-27,18,1,62,38,1586,0,0,0,3,0,1,0,14,0,1,0,12,0,10,1,133,0,0,0,18,0,2,3,67,0,13,16,629,125,1825,981,21696,2,28,28,422,0,8,5,82,1,6,4,105,0,24,1,150,72,1341,606,15974,4,12,41,265,1,6,2,63,0,6,6,67
ter,2020-04-28,18,9,71,63,1649,0,0,0,3,0,1,0,14,0,1,3,15,0,10,18,151,0,0,0,18,0,2,0,67,3,16,12,641,224,2049,2345,24041,0,28,67,489,0,8,1,83,2,8,14,119,0,24,22,172,157,1498,1617,17591,5,17,12,277,0,6,5,68,3,9,25,92
qua,2020-04-29,18,9,80,109,1758,0,0,0,3,1,2,0,14,0,1,1,16,1,11,12,163,0,0,2,20,0,2,15,82,3,19,15,656,198,2247,2117,26158,4,32,43,532,0,8,2,85,1,9,2,121,3,27,17,189,145,1643,1498,19089,0,17,17,294,0,6,3,71,0,9,4,96
qui,2020-04-30,18,2,82,69,1827,0,0,0,3,0,2,0,14,0,1,0,16,0,11,5,168,0,0,-1,19,0,2,0,82,2,21,18,674,128,2375,2540,28698,2,34,34,566,0,8,3,88,0,9,10,131,0,27,70,259,97,1740,1760,20849,0,17,20,314,0,6,15,86,1,10,28,124
sex,2020-05-01,18,6,88,108,1935,0,0,3,6,0,2,0,14,0,1,2,18,0,11,13,181,0,0,2,21,0,2,0,82,3,24,21,695,136,2511,1676,30374,1,35,11,577,0,8,4,92,0,9,9,140,0,27,11,270,106,1846,1140,21989,2,19,10,324,0,6,0,86,0,10,1,125
sáb,2020-05-02,18,0,88,88,2023,0,0,0,6,0,2,0,14,0,1,3,21,0,11,23,204,0,0,3,24,0,2,1,83,0,24,18,713,75,2586,800,31174,1,36,8,585,0,8,20,112,0,9,18,158,0,27,5,275,62,1908,506,22495,1,20,4,328,0,6,0,86,1,11,12,137
dom,2020-05-03,19,1,89,95,2118,0,0,0,6,0,2,7,21,0,1,0,21,0,11,10,214,0,0,1,25,0,2,3,86,0,24,20,733,41,2627,598,31772,1,37,22,607,0,8,-3,109,0,9,2,160,1,28,-2,273,21,1929,385,22880,0,20,12,340,0,6,1,87,0,11,2,139
seg,2020-05-04,19,1,90,229,2347,0,0,0,6,0,2,0,21,0,1,0,21,0,11,7,221,1,1,1,26,0,2,1,87,0,24,199,932,27,2654,415,32187,0,37,1,608,0,8,6,115,0,9,12,172,0,28,1,274,13,1942,285,23165,0,20,2,342,0,6,1,88,1,12,2,141
ter,2020-05-05,19,4,94,105,2452,0,0,0,6,0,2,0,21,0,1,0,21,1,12,4,225,0,1,0,26,0,2,3,90,2,26,13,945,197,2851,1866,34053,5,42,51,659,1,9,2,117,0,9,1,173,1,29,13,287,136,2078,1244,24409,4,24,27,369,0,6,9,97,1,13,15,156
qua,2020-05-06,19,3,97,153,2605,0,0,0,6,0,2,3,24,0,1,0,21,1,13,16,241,1,2,0,26,0,2,14,104,1,27,17,962,194,3045,3800,37853,2,44,158,817,0,9,17,134,0,9,15,188,3,32,45,332,136,2214,2428,26837,1,25,54,423,1,7,6,103,0,13,17,173
qui,2020-05-07,19,9,106,165,2770,0,0,1,7,0,2,0,24,0,1,0,21,1,14,11,252,0,2,2,28,0,2,0,104,2,29,63,1025,161,3206,2075,39928,-1,43,5,822,1,10,8,142,0,9,106,294,0,32,25,357,116,2330,1247,28084,0,25,27,450,0,7,12,115,0,13,26,199
sex,2020-05-08,19,5,111,173,2943,0,0,0,7,0,2,2,26,0,1,1,22,0,14,10,262,0,2,5,33,0,2,13,117,0,29,12,1037,210,3416,1902,41830,4,47,-23,799,0,10,20,162,0,9,25,319,0,32,24,381,148,2478,1296,29380,1,26,25,475,0,7,6,121,0,13,5,204
sáb,2020-05-09,19,7,118,180,3123,0,0,0,7,1,3,1,27,0,1,3,25,1,15,24,286,0,2,1,34,0,2,-1,116,1,30,43,1080,192,3608,2581,44411,1,48,81,880,0,10,36,198,0,9,10,329,2,34,26,407,138,2616,1650,31030,2,28,31,506,0,7,19,140,1,14,12,216
dom,2020-05-10,20,1,119,114,3237,0,0,0,7,0,3,0,27,0,1,7,32,0,15,21,307,0,2,2,36,0,2,4,120,0,30,22,1102,101,3709,1033,45444,0,48,14,894,0,10,77,275,1,10,2,331,0,34,1,408,69,2685,629,31659,0,28,2,508,0,7,3,143,0,14,3,219
seg,2020-05-11,20,2,121,83,3320,0,0,0,7,0,3,0,27,0,1,-1,31,1,16,7,314,0,2,3,39,0,2,1,121,0,30,11,1113,34,3743,687,46131,1,49,7,901,0,10,1,276,0,10,2,333,1,35,5,413,25,2710,518,32177,0,28,1,509,0,7,3,146,0,14,1,220
ter,2020-05-12,20,6,127,115,3435,0,0,0,7,0,3,0,27,0,1,0,31,0,16,11,325,0,2,2,41,0,2,1,122,1,31,16,1129,206,3949,1588,47719,2,51,39,940,0,10,19,295,2,12,6,339,2,37,17,430,138,2848,1034,33211,1,29,18,527,0,7,3,149,0,14,3,223
qua,2020-05-13,20,8,135,298,3733,0,0,0,7,0,3,0,27,0,1,5,36,2,18,16,341,0,2,1,42,0,2,6,128,3,34,83,1212,169,4118,3378,51097,1,52,113,1053,0,10,12,307,1,13,22,361,1,38,28,458,105,2953,2028,35239,1,30,51,578,0,7,4,153,2,16,12,235
qui,2020-05-14,20,4,139,217,3950,0,0,0,7,0,3,0,27,0,1,2,38,1,19,32,373,0,2,4,46,0,2,0,128,1,35,23,1235,197,4315,3189,54286,5,57,62,1115,1,11,18,325,1,14,46,407,2,40,41,499,134,3087,1868,37107,0,30,5,583,0,7,12,165,1,17,39,274
sex,2020-05-15,20,7,146,246,4196,0,0,0,7,0,3,1,28,0,1,1,39,1,20,20,393,0,2,4,50,0,2,10,138,1,36,35,1270,186,4501,4092,58378,5,62,92,1207,1,12,24,349,1,15,31,438,2,42,37,536,110,3197,2535,39642,2,32,38,621,0,7,11,176,1,18,9,283
sáb,2020-05-16,20,4,150,278,4474,0,0,0,7,0,3,0,28,0,1,3,42,0,20,16,409,0,2,7,57,0,2,5,143,0,36,62,1332,187,4688,2805,61183,3,65,143,1350,0,12,9,358,0,15,34,472,1,43,51,587,136,3333,1692,41334,1,33,24,645,0,7,11,187,0,18,6,289
dom,2020-05-17,21,6,156,137,4611,0,0,0,7,0,3,0,28,0,1,3,45,0,20,19,428,0,2,4,61,0,2,1,144,2,38,17,1349,94,4782,1162,62345,2,67,45,1395,0,12,1,359,0,15,14,486,2,45,23,610,58,3391,598,41932,0,33,26,671,0,7,11,198,0,18,10,299
seg,2020-05-18,21,5,161,84,4695,0,0,0,7,0,3,0,28,0,1,0,45,0,20,-1,427,1,3,0,61,0,2,3,147,1,39,33,1382,41,4823,721,63066,4,71,20,1415,1,13,63,422,0,15,2,488,1,46,10,620,23,3414,332,42264,0,33,36,707,0,7,1,199,0,18,0,299
ter,2020-05-19,21,6,167,282,4977,0,0,0,7,0,3,0,28,0,1,0,45,0,20,16,443,1,4,3,64,0,2,1,148,2,41,76,1458,324,5147,2929,65995,6,77,109,1524,3,16,6,428,2,17,40,528,1,47,46,666,206,3620,1801,44065,9,42,39,746,0,7,8,207,1,19,20,319
qua,2020-05-20,21,10,177,309,5286,0,0,1,8,0,3,0,28,0,1,4,49,0,20,15,458,1,5,6,70,0,2,0,148,2,43,44,1502,216,5363,3864,69859,2,79,81,1605,1,17,10,438,0,17,49,577,3,50,67,733,158,3778,2316,46381,3,45,80,826,0,7,10,217,2,21,16,335
qui,2020-05-21,21,14,191,310,5596,0,0,1,9,0,3,8,36,1,2,2,51,2,22,27,485,0,5,4,74,0,2,3,151,3,46,41,1543,195,5558,3880,73739,2,81,91,1696,1,18,10,448,2,19,67,644,4,54,73,806,135,3913,2427,48808,2,47,61,887,1,8,13,230,0,21,12,347
sex,2020-05-22,21,10,201,399,5995,0,0,2,11,0,3,2,38,0,2,2,53,1,23,25,510,1,6,3,77,1,3,3,154,4,50,47,1590,215,5773,3132,76871,4,85,99,1795,0,18,14,462,0,19,37,681,3,57,62,868,145,4058,1810,50618,2,49,35,922,0,8,15,245,1,22,8,355
sáb,2020-05-23,21,16,217,343,6338,0,0,0,11,0,3,0,38,0,2,1,54,0,23,31,541,0,6,3,80,0,3,14,168,6,56,56,1646,272,6045,3687,80558,6,91,92,1887,0,18,75,537,0,19,15,696,1,58,58,926,184,4242,2249,52867,0,49,56,978,0,8,18,263,1,23,73,428
dom,2020-05-24,22,9,226,330,6668,0,0,0,11,0,3,5,43,0,2,1,55,1,24,28,569,0,6,36,116,0,3,3,171,2,58,58,1704,118,6163,1603,82161,1,92,45,1932,0,18,17,554,0,19,2,698,0,58,48,974,73,4315,735,53602,0,49,17,995,0,8,6,269,0,23,64,492
seg,2020-05-25,22,4,230,294,6962,0,0,0,11,0,3,0,43,0,2,2,57,0,24,3,572,0,6,168,284,0,3,0,171,0,58,14,1718,57,6220,1464,83625,4,96,62,1994,1,19,8,562,0,19,1,699,4,62,9,983,28,4343,799,54401,0,49,40,1035,0,8,3,272,1,24,21,513
ter,2020-05-26,22,4,234,554,7516,0,0,0,11,0,3,2,45,0,2,0,57,0,24,34,606,0,6,5,289,0,3,5,176,1,59,124,1842,203,6423,2392,86017,6,102,53,2047,1,20,6,568,3,22,22,721,2,64,52,1035,154,4497,1507,55908,0,49,48,1083,0,8,3,275,1,25,20,533
qua,2020-05-27,22,6,240,495,8011,0,0,0,11,0,3,7,52,0,2,2,59,0,24,34,640,0,6,15,304,0,3,6,182,0,59,115,1957,289,6712,3466,89483,4,106,87,2134,0,20,17,585,2,24,77,798,6,70,50,1085,168,4665,2042,57950,0,49,51,1134,0,8,9,284,2,27,16,549
qui,2020-05-28,22,15,255,675,8686,0,0,1,12,0,3,12,64,0,2,0,59,0,24,40,680,0,6,8,312,0,3,4,186,4,63,104,2061,268,6980,6382,95865,3,109,138,2272,0,20,13,598,3,27,51,849,0,70,126,1211,150,4815,4166,62116,3,52,96,1230,0,8,17,301,0,27,34,583
sex,2020-05-29,22,2,257,546,9232,0,0,1,13,0,3,4,68,0,2,5,64,0,24,41,721,0,6,8,320,0,3,2,188,2,65,121,2182,295,7275,5691,101556,10,119,184,2456,3,23,36,634,-1,26,94,943,1,71,98,1309,195,5010,3491,65607,4,56,52,1282,0,8,30,331,1,28,87,670
sáb,2020-05-30,22,6,263,398,9630,0,0,2,15,0,3,0,68,0,2,3,67,0,24,16,737,0,6,2,322,0,3,21,209,1,66,40,2222,257,7532,5586,107142,6,125,152,2608,0,23,43,677,0,26,29,972,4,75,89,1398,150,5160,3332,68939,4,60,84,1366,1,9,24,355,2,30,28,698
dom,2020-05-31,23,8,271,834,10464,0,0,0,15,0,3,3,71,1,3,0,67,1,25,28,765,0,6,15,337,0,3,9,218,1,67,133,2355,83,7615,2556,109698,1,126,25,2633,0,23,20,697,0,26,52,1024,0,75,23,1421,59,5219,1607,70546,0,60,21,1387,0,9,1,356,3,33,13,711
seg,2020-06-01,23,7,278,206,10670,0,0,0,15,0,3,2,73,0,3,1,68,0,25,8,773,0,6,3,340,0,3,3,221,0,67,42,2397,52,7667,1598,111296,4,130,86,2719,0,23,3,700,1,27,7,1031,0,75,3,1424,26,5245,1017,71563,0,60,6,1393,0,9,1,357,4,37,23,734
ter,2020-06-02,23,11,289,269,10939,0,0,0,15,0,3,0,73,0,3,0,68,2,27,7,780,0,6,5,345,0,3,3,224,2,69,63,2460,327,7994,6999,118295,4,134,191,2910,0,23,36,736,3,30,40,1071,14,89,181,1605,180,5425,4058,75621,1,61,104,1497,0,9,46,403,3,40,7,741
qua,2020-06-03,23,17,306,1071,12010,0,0,0,15,0,3,2,75,0,3,1,69,0,27,46,826,1,7,5,350,0,3,9,233,5,74,166,2626,282,8276,5188,123483,1,135,205,3115,-2,21,18,754,0,30,135,1206,3,92,93,1698,169,5594,2793,78414,4,65,70,1567,0,9,28,431,3,43,29,770
qui,2020-06-04,23,17,323,1024,13034,0,0,2,17,0,3,6,81,0,3,2,71,1,28,31,857,0,7,22,372,0,3,9,242,7,81,183,2809,285,8561,5717,129200,13,148,207,3322,2,23,53,807,2,32,43,1249,2,94,69,1767,147,5741,3073,81487,5,70,83,1650,0,9,40,471,2,45,79,849
sex,2020-06-05,23,21,344,961,13995,0,0,0,17,0,3,2,83,1,4,11,82,2,30,63,920,0,7,5,377,0,3,28,270,4,85,265,3074,281,8842,5365,134565,3,151,232,3554,0,23,20,827,6,38,118,1367,3,97,101,1868,176,5917,2729,84216,4,74,52,1702,1,10,43,514,2,47,70,919
sáb,2020-06-06,23,24,368,944,14939,0,0,0,17,0,3,2,85,0,4,3,85,1,31,31,951,0,7,6,383,1,4,7,277,4,89,195,3269,216,9058,5984,140549,11,162,250,3804,0,23,13,840,6,44,57,1424,3,100,110,1978,113,6030,3063,87279,0,74,65,1767,0,10,31,545,0,47,74,993
dom,2020-06-07,24,8,376,764,15703,0,0,0,17,0,3,2,87,0,4,4,89,1,32,80,1031,0,7,6,389,0,4,-5,272,-1,88,138,3407,87,9145,2524,143073,5,167,138,3942,3,26,22,862,1,45,111,1535,3,103,42,2020,38,6068,1239,88518,0,74,53,1820,0,10,23,568,3,50,57,1050
seg,2020-06-08,24,4,380,180,15883,0,0,0,17,0,3,0,87,0,4,0,89,1,33,14,1045,0,7,6,395,0,4,0,272,0,88,25,3432,43,9188,1520,144593,3,170,36,3978,1,27,57,919,0,45,8,1543,4,107,7,2027,21,6089,987,89505,0,74,30,1850,0,10,32,600,0,50,16,1066
ter,2020-06-09,24,19,399,219,16102,0,0,0,17,1,4,-1,86,0,4,0,89,3,36,24,1069,0,7,2,397,0,4,0,272,6,94,24,3456,334,9522,5545,150138,10,180,211,4189,4,31,59,978,5,50,100,1643,3,110,120,2147,178,6267,2920,92425,7,81,93,1943,0,10,15,615,1,51,88,1154
qua,2020-06-10,24,10,409,1399,17501,0,0,1,18,0,4,2,88,0,4,0,89,1,37,51,1120,0,7,11,408,0,4,17,289,1,95,414,3870,340,9862,6178,156316,12,192,279,4468,0,31,28,1006,8,58,137,1780,4,114,86,2233,205,6472,3268,95693,5,86,92,2035,0,10,39,654,3,54,52,1206
qui,2020-06-11,24,22,431,947,18448,0,0,0,18,0,4,2,90,0,4,12,101,1,38,49,1169,0,7,8,416,0,4,21,310,7,102,153,4023,283,10145,6204,162520,13,205,266,4734,0,31,53,1059,2,60,87,1867,3,117,143,2376,174,6646,3190,98883,4,90,147,2182,1,11,49,703,0,54,53,1259
sex,2020-06-12,24,15,446,1658,20106,0,0,0,18,0,4,0,90,0,4,3,104,0,38,67,1236,1,8,18,434,0,4,5,315,0,102,255,4278,223,10368,5380,167900,6,211,228,4962,3,34,110,1169,3,63,49,1916,5,122,89,2465,134,6780,2966,101849,5,95,46,2228,2,13,33,736,0,54,92,1351
sáb,2020-06-13,24,8,454,508,20614,0,0,0,18,0,4,2,92,0,4,0,104,0,38,12,1248,0,8,10,444,1,5,18,333,2,104,187,4465,213,10581,4975,172875,15,226,236,5198,2,36,76,1245,1,64,67,1983,3,125,47,2512,141,6921,2794,104643,0,95,49,2277,0,13,30,766,4,58,103,1454
dom,2020-06-14,25,21,475,767,21381,0,0,0,18,0,4,1,93,0,4,1,105,1,39,24,1272,0,8,9,453,0,5,9,342,1,105,285,4750,113,10694,5327,178202,0,226,198,5396,1,37,39,1284,4,68,92,2075,3,128,50,2562,50,6971,3435,108078,1,96,49,2326,0,13,40,806,6,64,20,1474
seg,2020-06-15,25,6,481,347,21728,0,0,0,18,0,4,2,95,0,4,0,105,0,39,5,1277,1,9,8,461,1,6,0,342,0,105,80,4830,73,10767,3258,181460,2,228,38,5434,2,39,17,1301,2,70,5,2080,3,131,7,2569,33,7004,2377,110455,1,97,19,2345,0,13,16,822,1,65,10,1484
ter,2020-06-16,25,21,502,296,22024,0,0,0,18,0,4,0,95,0,4,0,105,1,40,27,1304,0,9,0,461,0,6,0,342,11,116,30,4860,365,11132,8825,190285,21,249,462,5896,3,42,22,1323,12,82,69,2149,9,140,204,2773,198,7202,4875,115330,5,102,211,2556,2,15,38,860,8,73,121,1605
qua,2020-06-17,25,35,537,1323,23347,0,0,0,18,0,4,11,106,0,4,8,113,0,40,69,1373,2,11,17,478,0,6,23,365,13,129,200,5060,389,11521,1232,191517,26,275,83,5979,4,46,29,1352,8,90,24,2173,9,149,14,2787,191,7393,585,115915,6,108,22,2578,1,16,0,860,3,76,10,1615
qui,2020-06-18,25,33,570,1559,24906,0,0,0,18,0,4,2,108,0,4,9,122,2,42,101,1474,0,11,17,495,0,6,18,383,7,136,295,5355,325,11846,1111,192628,14,289,46,6025,0,46,12,1364,7,97,34,2207,6,155,31,2818,188,7581,528,116443,4,112,21,2599,0,16,2,862,6,82,9,1624
sex,2020-06-19,25,30,600,1146,26052,0,0,-1,17,0,4,8,116,1,5,6,128,1,43,61,1535,1,12,13,508,0,6,7,390,5,141,104,5459,386,12232,19030,211658,14,303,1209,7234,6,52,265,1629,2,99,379,2586,6,161,540,3358,211,7792,8614,125057,3,115,407,3006,1,17,144,1006,5,87,278,1902
sáb,2020-06-20,25,36,636,1253,27305,0,0,2,19,0,4,-1,115,0,5,-4,124,2,45,53,1588,0,12,49,557,6,12,8,398,11,152,140,5599,262,12494,4135,215793,11,314,325,7559,1,53,89,1718,4,103,182,2768,5,166,151,3509,145,7937,662,125719,6,121,69,3075,1,18,31,1037,0,87,111,2013
dom,2020-06-21,25,25,661,336,27641,0,0,0,19,0,4,3,118,0,5,0,124,2,47,10,1598,0,12,1,558,1,13,1,399,3,155,129,5728,94,12588,3392,219185,1,315,178,7737,1,54,80,1798,0,103,103,2871,2,168,45,3554,29,7966,1308,127027,0,121,72,3147,1,19,31,1068,11,98,48,2061
seg,2020-06-22,26,27,688,1277,28918,0,0,3,22,0,4,8,126,0,5,10,134,2,49,114,1712,3,15,15,573,0,13,8,407,0,155,443,6171,46,12634,2788,221973,3,318,210,7947,1,55,34,1832,3,106,20,2891,3,171,32,3586,20,7986,1360,128387,0,121,56,3203,0,19,32,1100,0,98,32,2093
ter,2020-06-23,26,32,720,979,29897,0,0,2,24,0,4,-1,125,0,5,0,134,1,50,24,1736,1,16,3,576,0,13,60,467,0,155,353,6524,434,13068,7502,229475,33,351,426,8373,5,60,68,1900,14,120,137,3028,6,177,124,3710,215,8201,3223,131610,9,130,233,3436,2,21,28,1128,8,106,86,2179
qua,2020-06-24,26,51,771,1446,31343,0,0,1,25,0,4,2,127,0,5,2,136,2,52,77,1813,1,17,14,590,1,14,15,482,10,165,119,6643,284,13352,9347,238822,24,375,594,8967,0,60,93,1993,8,128,216,3244,2,179,191,3901,124,8325,3997,135607,2,132,182,3618,0,21,65,1193,2,108,71,2250
qui,2020-06-25,26,35,806,1426,32769,0,0,6,31,1,5,8,135,0,5,2,138,3,55,71,1884,0,17,32,622,0,14,4,486,6,171,234,6877,407,13759,9765,248587,24,399,461,9428,1,61,92,2085,6,134,140,3384,5,184,120,4021,185,8510,4897,140504,6,138,188,3806,1,22,44,1237,4,112,136,2386
sex,2020-06-26,26,27,833,6122,38891,0,0,3,34,0,5,0,135,0,5,2,140,1,56,96,1980,0,17,9,631,0,14,117,603,9,180,144,7021,207,13966,9921,258508,8,407,584,10012,5,66,151,2236,8,142,320,3704,3,187,160,4181,103,8613,4772,145276,1,139,148,3954,1,23,57,1294,1,113,166,2552
sáb,2020-06-27,26,49,882,2075,40966,0,0,5,39,0,5,20,155,1,6,7,147,2,58,88,2068,1,18,19,650,0,14,15,618,2,182,33,7054,297,14263,7073,265581,17,424,544,10556,4,70,77,2313,7,149,215,3919,6,193,135,4316,127,8740,2332,147608,3,142,216,4170,0,23,44,1338,1,114,70,2622
dom,2020-06-28,26,17,899,1775,42741,0,0,3,42,0,5,17,172,0,6,7,154,0,58,72,2140,1,19,9,659,0,14,34,652,0,182,314,7368,75,14338,6156,271737,1,425,457,11013,1,71,164,2477,0,149,136,4055,5,198,69,4385,25,8765,2058,149666,0,142,189,4359,0,23,64,1402,6,120,121,2743
seg,2020-06-29,27,41,940,1123,43864,0,0,0,42,0,5,0,172,0,6,1,155,1,59,21,2161,0,19,14,673,1,15,13,665,22,204,254,7622,60,14398,3408,275145,4,429,159,11172,5,76,98,2575,4,153,81,4136,7,205,50,4435,27,8792,1288,150954,1,143,135,4494,0,23,26,1428,1,121,34,2777
ter,2020-06-30,27,25,965,1137,45001,0,0,3,45,1,6,0,172,0,6,1,156,2,61,52,2213,1,20,4,677,1,16,6,671,7,211,170,7792,365,14763,6235,281380,29,458,403,11575,4,80,22,2597,12,165,62,4198,4,209,117,4552,165,8957,2957,153911,7,150,98,4592,1,24,13,1441,3,124,94,2871
qua,2020-07-01,27,42,1007,2583,47584,0,0,4,49,0,6,7,179,0,6,8,164,-1,60,80,2293,1,21,26,703,1,17,26,697,14,225,554,8346,267,15030,8555,289935,12,470,635,12210,2,82,136,2733,5,170,205,4403,2,211,195,4747,142,9099,3320,157231,5,155,239,4831,0,24,47,1488,3,127,230,3101
qui,2020-07-02,27,52,1059,3123,50707,0,0,6,55,0,6,19,198,0,6,4,168,3,63,68,2361,0,21,24,727,0,17,13,710,16,241,794,9140,321,15351,12244,302179,22,492,537,12747,2,84,148,2881,6,176,225,4628,7,218,236,4983,135,9234,6466,163697,5,160,174,5005,0,24,66,1554,5,132,212,3313
sex,2020-07-03,27,51,1110,2644,53351,0,0,1,56,0,6,8,206,0,6,5,173,0,63,130,2491,0,21,27,754,0,17,24,734,19,260,626,9766,343,15694,8523,310702,18,510,313,13060,2,86,181,3062,11,187,389,5017,5,223,155,5138,174,9408,2858,166555,6,166,216,5221,0,24,52,1606,6,138,190,3503
sáb,2020-07-04,27,73,1183,2607,55958,0,0,3,59,0,6,19,225,0,6,6,179,2,65,92,2583,0,21,17,771,1,18,99,833,13,273,490,10256,302,15996,1828,312530,12,522,303,13363,5,91,8,3070,6,193,165,5182,7,230,28,5166,155,9563,971,167526,10,176,49,5270,3,27,16,1622,4,142,21,3524
dom,2020-07-05,27,18,1201,2325,58283,0,0,0,59,0,6,18,243,0,6,3,182,0,65,69,2652,0,21,17,788,0,18,27,860,0,273,422,10678,82,16078,7649,320179,6,528,487,13850,3,94,185,3255,3,196,172,5354,2,232,166,5332,36,9599,2782,170308,1,177,290,5560,1,28,39,1661,2,144,155,3679
seg,2020-07-06,28,29,1230,1343,59626,0,0,1,60,0,6,0,243,0,6,1,183,0,65,48,2700,0,21,8,796,0,18,4,864,7,280,257,10935,56,16134,2891,323070,5,533,8,13858,4,98,73,3328,0,196,19,5373,3,235,22,5354,18,9617,575,170883,0,177,67,5627,0,28,15,1676,4,148,69,3748
ter,2020-07-07,28,52,1282,1271,60897,0,0,5,65,0,6,0,243,0,6,0,183,5,70,60,2760,2,23,9,805,3,21,9,873,17,297,255,11190,341,16475,9638,332708,18,551,823,14681,9,107,92,3420,13,209,423,5796,6,241,220,5574,141,9758,3406,174289,7,184,193,5820,0,28,35,1711,3,151,332,4080
qua,2020-07-08,28,73,1355,3138,64035,0,0,5,70,1,7,7,250,0,6,5,188,7,77,90,2850,2,25,34,839,0,21,36,909,12,309,909,12099,313,16788,8657,341365,28,579,654,15335,5,112,190,3610,12,221,308,6104,9,250,204,5778,156,9914,2773,177062,3,187,152,5972,0,28,95,1806,5,156,316,4396
qui,2020-07-09,28,90,1445,2829,66864,0,0,4,74,0,7,5,255,0,6,6,194,3,80,73,2923,2,27,20,859,0,21,39,948,40,349,675,12774,330,17118,8350,349715,27,606,524,15859,6,118,273,3883,7,228,293,6397,6,256,152,5930,138,10052,2831,179893,7,194,133,6105,0,28,43,1849,9,165,299,4695
sex,2020-07-10,28,59,1504,3222,70086,0,0,1,75,1,8,0,255,0,6,4,198,0,80,70,2993,1,28,26,885,0,21,24,972,23,372,748,13522,324,17442,9395,359110,22,628,552,16411,5,123,197,4080,2,230,509,6906,8,264,167,6097,174,10226,3375,183268,4,198,161,6266,1,29,90,1939,7,172,296,4991
sáb,2020-07-11,28,46,1550,3727,73813,0,0,8,83,0,8,16,271,0,6,3,201,2,82,97,3090,0,28,16,901,1,22,66,1038,9,381,1282,14804,260,17702,7780,366890,21,649,444,16855,1,124,201,4281,10,240,280,7186,4,268,216,6313,117,10343,2591,185859,0,198,178,6444,1,30,37,1976,8,180,283,5274
dom,2020-07-12,28,26,1576,2038,75851,0,0,3,86,0,8,16,287,0,6,5,206,0,82,140,3230,0,28,17,918,0,22,56,1094,3,384,179,14983,146,17848,5107,371997,12,661,242,17097,6,130,136,4417,6,246,83,7269,4,272,85,6398,71,10414,1838,187697,0,198,188,6632,0,30,33,2009,4,184,124,5398
seg,2020-07-13,29,39,1615,971,76822,0,0,0,86,0,8,0,287,0,6,6,212,2,84,33,3263,0,28,5,923,0,22,1,1095,22,406,51,15034,59,17907,2610,374607,3,664,195,17292,4,134,122,4539,1,247,44,7313,2,274,49,6447,23,10437,1362,189059,2,200,25,6657,0,30,6,2015,2,186,58,5456
ter,2020-07-14,29,73,1688,1821,78643,1,1,0,86,0,8,0,287,0,6,0,212,2,86,23,3286,3,31,11,934,2,24,16,1111,23,429,739,15773,417,18324,12000,386607,49,713,551,17843,3,137,148,4687,19,266,231,7544,6,280,271,6718,146,10583,5837,194896,8,208,224,6881,0,30,96,2111,8,194,153,5609
qua,2020-07-15,29,64,1752,3367,82010,0,1,11,97,0,8,15,302,0,6,9,221,1,87,183,3469,2,33,19,953,0,24,35,1146,20,449,961,16734,316,18640,6569,393176,23,736,496,18339,3,140,203,4890,3,269,274,7818,2,282,139,6857,147,10730,2011,196907,10,218,138,7019,1,31,33,2144,7,201,189,5798
qui,2020-07-16,29,82,1834,2460,84470,0,1,4,101,1,9,10,312,0,6,8,229,2,89,148,3617,1,34,19,972,3,27,48,1194,28,477,50,16784,398,19038,8872,402048,18,754,508,18847,10,150,410,5300,10,279,256,8074,6,288,182,7039,178,10908,2521,199428,23,241,229,7248,1,32,65,2209,8,209,408,6206
sex,2020-07-17,29,70,1904,2801,87271,3,4,0,101,0,9,9,321,1,7,4,233,7,96,170,3787,-1,33,27,999,1,28,53,1247,17,494,307,17091,339,19377,5367,407415,14,768,374,19221,6,156,230,5530,10,289,137,8211,3,291,86,7125,144,11052,1739,201167,14,255,112,7360,0,32,26,2235,13,222,125,6331
sáb,2020-07-18,29,60,1964,3604,90875,0,4,11,112,0,9,4,325,0,7,4,237,0,96,133,3920,-1,32,25,1024,0,28,54,1301,14,508,1416,18507,270,19647,4612,412027,17,785,243,19464,8,164,67,5597,6,295,56,8267,4,295,82,7207,111,11163,1846,203013,7,262,162,7522,0,32,12,2247,4,226,176,6507
dom,2020-07-19,29,18,1982,2097,92972,0,4,8,120,0,9,5,330,0,7,5,242,0,96,166,4086,0,32,14,1038,0,28,48,1349,1,509,57,18564,85,19732,3022,415049,9,794,153,19617,5,169,71,5668,2,297,39,8306,1,296,54,7261,18,11181,1184,204197,12,274,96,7618,0,32,23,2270,7,233,44,6551
seg,2020-07-20,30,22,2004,1160,94132,0,4,4,124,0,9,0,330,0,7,3,245,1,97,69,4155,0,32,13,1051,0,28,4,1353,0,509,259,18823,56,19788,1385,416434,1,795,268,19885,4,173,14,5682,0,297,10,8316,3,299,33,7294,23,11204,328,204525,1,275,21,7639,1,33,25,2295,2,235,39,6590
ter,2020-07-21,30,67,2071,1434,95566,1,5,2,126,1,10,1,331,0,7,2,247,4,101,95,4250,0,32,4,1055,1,29,6,1359,35,544,344,19167,383,20171,6235,422669,47,842,297,20182,5,178,315,5997,12,309,112,8428,8,307,92,7386,151,11355,1997,206522,16,291,120,7759,-1,32,73,2368,9,244,76,6666
qua,2020-07-22,30,95,2166,3175,98741,3,8,8,134,0,10,18,349,0,7,16,263,3,104,183,4433,0,32,10,1065,0,29,24,1383,38,582,350,19517,361,20532,16777,439446,21,863,1110,21292,3,181,621,6618,14,323,472,8900,7,314,230,7616,151,11506,5108,211630,7,298,568,8327,0,32,169,2537,7,251,364,7030
qui,2020-07-23,30,72,2238,3827,102568,1,9,17,151,0,10,7,356,0,7,10,273,2,106,218,4651,0,32,16,1081,0,29,56,1439,35,617,1161,20678,362,20894,12561,452007,32,895,898,22190,7,188,214,6832,6,329,255,9155,13,327,186,7802,132,11638,4213,215843,12,310,431,8758,2,34,70,2607,14,265,288,7318
sex,2020-07-24,30,77,2315,4244,106812,1,10,9,160,0,10,11,367,0,7,7,280,1,107,233,4884,0,32,21,1102,5,34,26,1465,15,632,1405,22083,312,21206,11211,463218,24,919,1005,23195,9,197,205,7037,11,340,512,9667,3,330,143,7945,102,11740,3186,219029,9,319,400,9158,1,35,69,2676,3,268,246,7564
sáb,2020-07-25,30,89,2404,3281,110093,3,13,11,171,0,10,4,371,0,7,7,287,7,114,225,5109,1,33,16,1118,0,34,33,1498,34,666,836,22919,311,21517,16263,479481,24,943,1022,24217,4,201,332,7369,16,356,408,10075,6,336,267,8212,70,11810,4300,223329,15,334,414,9572,0,35,65,2741,5,273,333,7897
dom,2020-07-26,30,25,2429,2478,112571,1,14,10,181,1,11,14,385,0,7,0,287,6,120,166,5275,0,33,18,1136,0,34,28,1526,0,666,763,23682,89,21606,4501,483982,9,952,245,24462,3,204,209,7578,2,358,166,10241,2,338,80,8292,27,11837,1004,224333,2,336,432,10004,1,36,14,2755,4,277,99,7996
seg,2020-07-27,31,32,2461,1147,113718,0,14,1,182,0,11,0,385,0,7,3,290,2,122,58,5333,0,33,6,1142,0,34,2,1528,0,666,15,23697,70,21676,3672,487654,11,963,276,24738,7,211,109,7687,1,359,28,10269,4,342,68,8360,22,11859,2361,226694,3,339,81,10085,0,36,16,2771,1,278,59,8055
ter,2020-07-28,31,90,2551,2927,116645,1,15,7,189,0,11,4,389,0,7,2,292,10,132,120,5453,1,34,4,1146,10,44,7,1535,42,708,1196,24893,383,22059,12647,500301,35,998,490,25228,10,221,228,7915,14,373,435,10704,14,356,147,8507,100,11959,4613,231307,5,344,234,10319,1,37,196,2967,12,290,262,8317
qua,2020-07-29,31,57,2608,2749,119394,1,16,0,189,0,11,14,403,0,7,15,307,3,135,185,5638,0,34,8,1154,0,44,46,1581,14,722,131,25024,330,22389,13896,514197,22,1020,872,26100,9,230,455,8370,10,383,405,11109,3,359,201,8708,94,12053,4115,235422,18,362,550,10869,0,37,82,3049,16,306,229,8546
qui,2020-07-30,31,84,2692,4021,123415,4,20,94,283,0,11,7,410,0,7,11,318,9,144,297,5935,0,34,11,1165,0,44,38,1619,34,756,1523,26547,321,22710,14809,529006,23,1043,1183,27283,6,236,284,8654,8,391,324,11433,5,364,240,8948,98,12151,5829,241251,8,370,262,11131,1,38,88,3137,8,314,267,8813
sex,2020-07-31,31,77,2769,3691,127106,0,20,10,293,0,11,8,418,0,7,6,324,2,146,247,6182,0,34,13,1178,0,44,27,1646,41,797,1309,27856,287,22997,13298,542304,19,1062,868,28151,4,240,240,8894,8,399,310,11743,8,372,213,9161,92,12243,4929,246180,8,378,491,11622,0,38,75,3212,17,331,307,9120
sáb,2020-08-01,31,92,2861,2879,129985,0,20,0,293,0,11,0,418,0,7,0,324,0,146,0,6182,0,34,0,1178,0,44,0,1646,0,797,0,27856,239,23236,10014,552318,14,1076,603,28754,3,243,230,9124,11,410,262,12005,4,376,307,9468,92,12335,3047,249227,6,384,251,11873,1,39,59,3271,6,337,300,9420
dom,2020-08-02,31,30,2891,2816,132801,0,20,0,293,0,11,0,418,0,7,0,324,0,146,0,6182,0,34,0,1178,0,44,0,1646,0,797,0,27856,81,23317,6367,558685,2,1078,541,29295,3,246,111,9235,6,416,202,12207,1,377,271,9739,28,12363,1238,250465,0,384,283,12156,0,39,28,3299,9,346,93,9513
seg,2020-08-03,32,3,2894,942,133743,0,20,20,313,3,14,19,437,0,7,26,350,12,158,490,6672,0,34,26,1204,0,44,78,1724,28,825,1451,29307,48,23365,1533,560218,10,1088,219,29514,3,249,77,9312,1,417,18,12225,1,378,41,9780,10,12373,373,250838,1,385,38,12194,1,40,25,3324,3,349,53,9566
ter,2020-08-04,32,149,3043,1985,135728,0,20,0,313,0,14,0,437,0,7,0,350,0,158,0,6672,0,34,0,1204,0,44,0,1724,0,825,0,29307,337,23702,15371,575589,31,1119,967,30481,7,256,407,9719,18,435,425,12650,9,387,354,10134,79,12452,3598,254436,17,402,436,12630,0,40,127,3451,7,356,290,9856
qua,2020-08-05,32,152,3195,3933,139661,0,20,0,313,0,14,0,437,0,7,0,350,0,158,0,6672,0,34,0,1204,0,44,0,1724,0,825,0,29307,407,24109,9676,585265,33,1152,650,31131,4,260,314,10033,17,452,326,12976,1,388,117,10251,140,12592,3296,257732,10,412,238,12868,0,40,61,3512,15,371,201,10057
qui,2020-08-06,32,109,3304,3167,142828,1,21,19,332,0,14,24,461,3,10,36,386,12,170,551,7223,3,37,30,1234,-6,38,95,1819,105,930,2442,31749,339,24448,13405,598670,42,1194,784,31915,9,269,385,10418,11,463,369,13345,2,390,178,10429,108,12700,4226,261958,8,420,667,13535,1,41,136,3648,10,381,202,10259
sex,2020-08-07,32,77,3381,4495,147323,0,21,0,332,1,15,5,466,0,10,11,397,12,182,180,7403,0,37,13,1247,1,39,37,1856,11,941,1658,33407,287,24735,9709,608379,26,1220,717,32632,6,275,617,11035,8,471,304,13649,1,391,146,10575,119,12819,2490,264448,21,441,314,13849,2,43,116,3764,3,384,310,10569
sáb,2020-08-08,32,68,3449,3400,150723,0,21,0,332,0,15,0,466,0,10,0,397,0,182,0,7403,0,37,0,1247,0,39,0,1856,0,941,0,33407,281,25016,13352,621731,15,1235,800,33432,9,284,533,11568,4,475,449,14098,10,401,230,10805,96,12915,2786,267234,4,445,596,14445,1,44,146,3910,7,391,257,10826
dom,2020-08-09,32,88,3537,3204,153927,0,21,0,332,0,15,0,466,0,10,0,397,0,182,0,7403,0,37,0,1247,0,39,0,1856,0,941,0,33407,98,25114,5395,627126,3,1238,275,33707,7,291,241,11809,5,480,220,14318,0,401,68,10873,38,12953,965,268199,0,445,300,14745,0,44,56,3966,9,400,121,10947
seg,2020-08-10,33,60,3597,1148,155075,0,21,22,354,4,19,34,500,4,14,35,432,14,196,469,7872,0,37,24,1271,3,42,82,1938,63,1004,1494,34901,37,25151,1289,628415,2,1240,163,33870,4,295,85,11894,0,480,7,14325,1,402,77,10950,10,12963,306,268505,0,445,54,14799,3,47,18,3984,3,403,29,10976
ter,2020-08-11,33,16,3613,1476,156551,0,21,9,363,0,19,0,500,0,14,4,436,0,196,164,8036,2,39,2,1273,0,42,19,1957,0,1004,84,34985,420,25571,11147,639562,25,1265,994,34864,8,303,142,12036,15,495,414,14739,17,419,136,11086,154,13117,3657,272162,33,478,293,15092,0,47,123,4107,6,409,197,11173
qua,2020-08-12,33,170,3783,3934,160485,0,21,6,369,0,19,16,516,0,14,30,466,3,199,223,8259,0,39,18,1291,2,44,35,1992,72,1076,1554,36539,298,25869,15619,655181,17,1282,911,35775,9,312,325,12361,12,507,217,14956,1,420,218,11304,115,13232,7866,280028,8,486,417,15509,1,48,84,4191,3,412,176,11349
qui,2020-08-13,33,63,3846,4430,164915,1,22,10,379,1,20,13,529,1,15,22,488,10,209,171,8430,1,40,10,1301,1,44,85,2077,30,1106,1436,37975,455,26324,19274,674455,31,1313,1132,36907,5,317,294,12655,8,515,509,15465,4,424,540,11844,162,13394,8139,288167,10,496,793,16302,2,50,93,4284,8,420,242,11591
sex,2020-08-14,33,97,3943,3513,168428,0,22,0,379,-3,17,14,543,-2,13,4,492,-4,205,268,8698,0,40,8,1309,1,45,58,2135,40,1146,846,38750,289,26613,11667,686122,26,1339,783,37690,9,326,438,13093,6,521,434,15899,6,430,232,12076,122,13516,3500,291667,4,500,379,16681,1,51,111,4395,7,427,169,11760
sáb,2020-08-15,33,101,4044,3086,171514,0,22,0,379,0,17,0,543,0,13,0,492,0,205,0,8698,0,40,0,1309,0,46,0,2135,0,1146,0,38750,167,26780,11408,697530,11,1350,1013,38703,2,328,368,13461,7,528,327,16226,4,434,424,12500,42,13558,2063,293730,12,512,525,17206,0,51,117,4512,4,431,240,12000
dom,2020-08-16,33,88,4132,2888,174402,0,22,0,379,0,17,0,543,0,13,0,492,0,205,0,8698,0,40,0,1309,0,46,0,2135,0,1146,0,38750,72,26852,1963,699493,7,1357,117,38820,3,331,86,13547,0,528,130,16356,0,434,105,12605,37,13595,571,294301,6,518,60,17266,0,51,26,4538,3,434,20,12020
seg,2020-08-17,34,91,4223,1313,175715,1,23,20,399,0,17,27,570,1,14,16,508,13,218,490,9188,0,40,20,1329,10,56,72,2207,62,1208,1436,40186,47,26899,3172,702665,5,1362,320,39140,6,337,75,13622,0,528,24,16380,1,435,256,12861,20,13615,390,294691,2,520,174,17440,0,51,61,4599,0,434,53,12073
ter,2020-08-18,34,83,4306,2072,177787,0,23,8,407,0,17,0,570,0,14,7,515,2,220,96,9284,1,41,23,1352,0,56,27,2234,16,1224,695,40881,416,27315,8865,711530,35,1397,487,39627,9,346,181,13803,25,553,394,16774,5,440,159,13020,98,13713,2453,297144,22,542,351,17791,2,53,45,4644,5,439,183,12256
qua,2020-08-19,34,130,4436,3371,181158,1,24,11,418,1,18,14,584,3,17,12,527,14,234,285,9569,0,41,3,1355,1,57,47,2281,39,1263,886,41767,276,27591,9847,721377,15,1412,574,40201,5,351,270,14073,8,561,460,17234,3,443,152,13172,103,13816,2821,299965,12,554,370,18161,1,54,118,4762,4,443,200,12456
qui,2020-08-20,34,107,4543,3904,185062,0,24,7,425,0,18,15,599,3,20,12,539,5,239,225,9794,0,41,27,1382,0,57,28,2309,29,1292,890,42657,314,27905,9451,730828,16,1428,801,41002,9,360,387,14460,11,572,371,17605,3,446,163,13335,145,13961,2436,302401,10,564,377,18538,2,56,79,4841,5,448,207,12663
sex,2020-08-21,34,120,4663,3561,188623,0,24,19,444,0,18,26,625,1,21,15,554,9,248,264,10058,0,41,18,1400,1,58,68,2377,27,1319,1036,43693,250,28155,5132,735960,15,1443,334,41336,6,366,186,14646,8,580,94,17699,6,452,137,13472,87,14048,1075,303476,12,576,328,18866,0,56,61,4902,2,450,130,12793
sáb,2020-08-22,34,74,4737,2884,191507,0,24,0,444,0,18,0,625,0,21,0,554,0,248,0,10058,0,41,0,1400,0,58,0,2377,0,1319,0,43693,237,28392,13284,749244,22,1465,806,42142,7,373,430,15076,7,587,216,17915,4,456,232,13704,88,14136,4655,308131,11,587,537,19403,0,56,85,4987,7,457,223,13016
dom,2020-08-23,34,53,4790,3107,194614,0,24,0,444,0,18,0,625,0,21,0,554,0,248,0,10058,0,41,0,1400,0,58,0,2377,0,1319,0,43693,75,28467,4885,754129,6,1471,336,42478,5,378,208,15284,4,591,118,18033,1,457,185,13889,22,14158,1275,309406,0,587,283,19686,1,57,56,5043,2,459,84,13100
seg,2020-08-24,35,15,4805,1306,195920,0,24,34,478,1,19,40,665,0,21,32,586,7,255,510,10568,0,41,23,1423,4,62,80,2457,24,1343,857,44550,38,28505,2351,756480,0,1471,137,42615,4,382,94,15378,1,592,30,18063,0,457,76,13965,11,14169,428,309834,0,587,99,19785,0,57,28,5071,1,460,-3,13097
ter,2020-08-25,35,42,4847,2816,198736,0,24,7,485,0,19,0,665,0,21,14,600,3,258,99,10667,0,41,7,1430,1,63,10,2467,3,1346,1107,45657,407,28912,9190,765670,27,1498,816,43431,10,392,140,15518,15,607,280,18343,3,460,165,14130,159,14328,3048,312882,21,608,411,20196,1,58,55,5126,6,466,242,13339
qua,2020-08-26,35,101,4948,3237,201973,0,24,21,506,1,20,30,695,3,24,16,616,15,273,351,11018,0,41,9,1439,0,63,36,2503,20,1366,510,46167,282,29194,10465,776135,23,1521,514,43945,5,397,387,15905,5,612,410,18753,7,467,219,14349,88,14416,2575,315457,6,614,565,20761,2,60,101,5227,6,472,369,13708
qui,2020-08-27,35,101,5049,3969,205942,1,25,15,521,0,20,61,756,2,26,11,627,5,278,340,11358,1,42,14,1453,1,64,36,2539,27,1389,798,46965,221,29415,8318,784453,16,1537,490,44435,5,402,318,16223,5,617,115,18868,2,469,167,14516,79,14495,2693,318150,15,629,364,21125,0,60,57,5284,5,477,225,13933
sex,2020-08-28,35,118,5167,3523,209465,0,25,32,553,0,20,30,786,0,26,20,647,4,282,282,11640,0,42,24,1477,1,65,49,2588,43,1429,646,47611,279,29694,11756,796209,23,1560,742,45177,6,408,298,16521,10,627,610,19478,2,471,327,14843,99,14594,3069,321219,8,637,551,21676,0,60,86,5370,5,482,276,14209
sáb,2020-08-29,35,103,5270,3100,212565,0,25,0,553,0,20,0,786,0,26,0,647,0,282,0,11640,0,42,0,1477,0,65,0,2588,0,1436,0,47611,250,29944,5213,801422,0,1560,0,45177,0,408,0,16521,0,627,0,19478,0,471,0,14843,0,14594,0,321219,0,637,0,21676,0,60,0,5370,0,482,0,14209
dom,2020-08-30,35,56,5326,2485,215050,0,25,0,553,0,20,0,786,0,26,0,647,0,282,0,11640,0,42,0,1477,0,65,0,2588,0,1436,0,47611,34,29978,1982,803404,14,1574,473,45650,12,420,262,16783,3,630,497,19975,6,477,296,15139,82,14676,1704,322923,9,646,244,21920,4,64,88,5458,5,487,158,14367
seg,2020-08-31,36,9,5335,1507,216557,1,26,23,576,0,20,35,821,1,27,26,673,8,290,519,12159,2,44,45,1522,3,68,111,2699,46,1482,1214,48825,36,30014,938,804342,2,1576,39,45689,5,425,64,16847,0,630,7,19982,0,477,17,15156,9,14685,229,323152,0,646,42,21962,0,64,15,5473,2,489,55,14422
ter,2020-09-01,36,29,5364,2224,218781,0,26,3,579,0,20,0,821,0,27,7,680,1,291,53,12212,0,44,10,1532,0,68,14,2713,3,1485,243,49068,361,30375,10033,814375,27,1603,536,46225,10,435,119,16966,30,660,334,20316,3,480,215,15371,94,14779,3706,326858,18,664,482,22444,3,67,44,5517,11,500,214,14636
qua,2020-09-02,36,141,5505,3267,222048,0,26,16,595,1,21,28,849,0,27,24,704,21,312,348,12560,0,44,11,1539,4,72,73,2786,36,1521,588,49656,298,30673,11956,826331,19,1622,595,46820,5,440,442,17408,16,676,438,20754,13,493,472,15843,111,14890,2263,329121,8,672,538,22982,3,70,119,5636,5,505,425,15061
qui,2020-09-03,36,86,5591,2939,224987,0,26,21,616,0,21,17,866,0,27,12,716,11,323,319,12879,0,44,0,1539,0,72,0,2786,0,1521,0,49656,232,30905,11647,837978,7,1629,795,47615,11,451,320,17728,5,681,295,21049,2,495,233,16076,80,14970,3287,332408,1,673,445,23427,1,71,91,5727,10,515,843,15904
sex,2020-09-04,36,117,5708,3026,228013,0,26,0,616,0,21,14,880,1,28,13,729,3,326,235,13114,2,46,43,1582,2,74,76,2862,63,1584,706,50362,186,31091,7038,845016,15,1644,485,48100,10,461,170,17898,2,683,315,21364,3,498,223,16299,73,15043,1588,333996,1,674,285,23712,0,71,47,5774,2,517,439,16343
sáb,2020-09-05,36,0,5708,3865,231878,0,26,0,616,0,21,0,880,0,28,0,729,0,326,0,13114,0,46,0,1582,0,74,0,2862,0,1584,0,50362,222,31313,8069,853085,23,1667,625,48725,8,469,209,18107,11,694,186,21550,2,500,219,16518,68,15111,1629,335625,2,676,391,24103,-1,70,90,5864,7,524,546,16889
dom,2020-09-06,36,129,5837,2926,234804,0,26,0,616,0,21,0,880,0,28,0,729,0,326,0,13114,0,46,0,1582,0,74,0,2862,0,1584,0,50362,40,31353,2637,855722,3,1670,139,48864,4,473,125,18232,1,695,105,21655,2,502,57,16575,14,15125,383,336008,0,676,159,24262,0,70,57,5921,2,526,69,16958
seg,2020-09-07,37,14,5851,1208,236012,0,26,46,662,1,22,33,913,0,28,25,754,10,336,533,13647,0,46,0,1582,0,74,0,2862,0,1584,0,50362,24,31377,1608,857330,0,1670,0,48864,0,473,0,18232,0,695,0,21655,0,502,0,16575,0,15125,0,336008,0,676,0,24262,0,70,0,5921,0,526,0,16958
ter,2020-09-08,37,26,5877,651,236663,0,26,0,662,0,22,0,913,0,28,0,754,1,337,41,13688,3,49,32,1614,3,77,133,2995,34,1618,1944,52306,53,31430,1453,858783,1,1671,166,49030,14,487,145,18377,6,701,43,21698,4,506,74,16649,19,15144,762,336770,0,676,155,24417,0,70,55,5976,2,528,43,17001
qua,2020-09-09,37,58,5935,1852,238515,1,27,21,683,0,22,15,928,0,28,8,762,8,345,212,13900,0,49,15,1629,2,79,15,3010,8,1626,261,52567,391,31821,7793,866576,37,1708,380,49410,6,493,150,18527,17,718,409,22107,1,507,74,16723,145,15289,2094,338864,22,698,298,24715,2,72,82,6058,7,535,418,17419
qui,2020-09-10,37,74,6009,4018,242533,0,27,0,683,0,22,9,937,0,28,18,780,5,350,279,14179,1,50,3,1632,1,80,74,3084,8,1634,746,53313,283,32104,8178,874754,12,1720,489,49899,10,503,213,18740,11,729,287,22394,10,517,203,16926,109,15398,1976,340840,19,717,279,24994,0,72,89,6147,3,538,396,17815
sex,2020-09-11,37,105,6114,3616,246149,0,27,42,725,1,23,31,968,0,28,12,792,4,354,308,14487,1,51,45,1677,1,81,59,3143,26,1660,782,54095,234,32338,8055,882809,7,1727,513,50412,8,511,241,18981,11,740,395,22789,1,518,174,17100,88,15486,1759,342599,7,724,335,25329,3,75,72,6219,2,540,354,18169
sáb,2020-09-12,37,86,6200,4041,250190,0,27,0,725,0,23,0,968,0,28,0,792,0,354,0,14487,0,51,0,1677,0,81,0,3143,0,1660,0,54095,229,32567,7881,890690,13,1740,365,50777,7,518,246,19227,13,753,186,22975,3,521,169,17269,58,15544,1754,344353,3,727,508,25837,3,78,58,6277,2,542,311,18480
dom,2020-09-13,37,76,6276,2073,252263,0,27,0,725,0,23,0,968,0,28,0,792,0,354,0,14487,0,51,0,1677,0,81,0,3143,0,1660,0,54095,39,32606,1567,892257,2,1742,37,50814,4,522,156,19383,3,756,133,23108,1,522,19,17288,11,15555,384,344737,3,730,57,25894,0,78,26,6303,1,543,55,18535
seg,2020-09-14,38,10,6286,1734,253997,1,28,23,748,2,25,41,1009,1,29,42,834,15,369,493,14980,0,51,44,1721,3,84,99,3242,37,1697,1220,55315,36,32642,1092,893349,3,1745,106,50920,10,532,50,19433,0,756,6,23114,1,523,6,17294,11,15566,364,345101,0,730,32,25926,0,78,15,6318,2,545,94,18629
ter,2020-09-15,38,42,6328,1609,255606,0,28,25,773,0,25,0,1009,0,29,1,835,0,369,117,15097,1,52,7,1728,0,84,32,3274,11,1708,259,55574,321,32963,7922,901271,31,1776,525,51445,8,540,130,19563,19,775,155,23269,8,531,183,17477,85,15651,2044,347145,12,742,357,26283,3,81,67,6385,5,550,147,18776
qua,2020-09-16,38,91,6419,2989,258595,0,28,21,794,3,28,19,1028,0,29,0,835,15,384,287,15384,0,52,26,1754,0,84,72,3346,15,1723,512,56086,290,33253,8157,909428,15,1791,578,52023,2,542,156,19719,5,780,188,23457,3,534,218,17695,98,15749,1989,349134,7,749,565,26848,0,81,80,6465,3,553,119,18895
qui,2020-09-17,38,81,6500,3406,262001,0,28,0,794,0,28,0,1028,0,29,0,835,0,384,0,15384,0,52,0,1754,0,84,0,3346,0,1723,0,56086,219,33472,7393,916821,16,1807,385,52408,8,550,153,19872,10,790,318,23775,3,537,138,17833,65,15814,1905,351039,3,752,379,27227,1,82,98,6563,0,553,254,19149
sex,2020-09-18,38,74,6574,3184,265185,0,28,52,846,0,28,38,1066,0,29,38,873,9,393,655,16039,0,52,28,1782,2,86,91,3437,36,1759,1106,57192,206,33678,7711,924532,15,1822,349,52757,2,552,303,20175,7,797,395,24170,2,539,119,17952,68,15882,2005,353044,5,757,525,27752,1,83,65,6628,5,558,194,19343
sáb,2020-09-19,38,82,6656,2824,268009,0,28,0,846,0,28,0,1066,0,29,0,873,0,393,0,16039,0,52,0,1782,0,86,0,3437,0,1759,0,57192,249,33927,7141,931673,18,1840,461,53218,7,559,208,20383,8,805,212,24382,3,542,130,18082,86,15968,1794,354838,6,763,350,28102,1,84,66,6694,1,559,273,19616
dom,2020-09-20,38,58,6714,2044,270053,0,28,0,846,0,28,0,1066,0,29,0,873,0,393,0,16039,0,52,0,1782,0,86,0,3437,0,1759,0,57192,25,33952,3627,935300,2,1842,216,53434,2,561,127,20510,0,805,199,24581,1,543,84,18166,7,15975,421,355259,0,763,212,28314,0,84,46,6740,0,559,57,19673
seg,2020-09-21,39,13,6727,1141,271194,0,28,36,882,0,28,32,1098,4,33,39,912,18,411,660,16699,0,52,40,1822,0,86,119,3556,24,1783,771,57963,32,33984,2032,937332,1,1843,86,53520,7,568,66,20576,1,806,4,24585,0,543,71,18237,6,15981,317,355576,2,765,118,28432,0,84,29,6769,2,561,32,19705
ter,2020-09-22,39,37,6764,2039,273233,0,28,0,882,0,28,0,1098,0,33,0,912,0,411,0,16699,0,52,0,1822,0,86,0,3556,0,1783,0,57963,282,34266,8090,945422,28,1871,515,54035,6,574,155,20731,13,819,367,24952,2,545,187,18424,73,16054,1964,357540,19,784,241,28673,1,85,58,6827,3,564,198,19903
qua,2020-09-23,39,133,6897,3081,276314,1,29,59,941,3,31,26,1124,0,33,31,943,25,436,412,17111,0,52,70,1892,2,88,69,3625,23,1806,277,58240,226,34492,6551,951973,16,1887,387,54422,6,580,206,20937,6,825,226,25178,1,546,123,18547,90,16144,1516,359056,11,795,257,28930,2,87,62,6889,4,568,222,20125
qui,2020-09-24,39,86,6983,2587,278901,0,29,21,962,0,31,27,1151,0,33,14,957,4,440,223,17334,0,52,43,1935,0,88,80,3705,27,1833,185,58425,185,34677,6267,958240,20,1907,423,54845,3,583,192,21129,9,834,241,25419,2,548,110,18657,50,16194,1801,360857,6,801,189,29119,1,88,94,6983,0,568,134,20259
sex,2020-09-25,39,73,7056,4578,283479,2,31,18,980,2,33,15,1166,0,33,11,968,7,447,246,17580,0,52,21,1956,2,90,32,3737,14,1847,1648,60073,200,34877,6681,964921,6,1913,299,55144,1,584,267,21396,6,840,292,25711,2,550,163,18820,35,16229,1550,362407,25,826,371,29490,2,90,68,7051,7,575,125,20384
sáb,2020-09-26,39,125,7181,2871,286350,0,31,0,980,0,33,0,1166,0,33,0,968,0,447,0,17580,0,52,0,1956,0,90,0,3737,0,1847,0,60073,186,35063,5967,970888,17,1930,449,55593,2,586,230,21626,5,845,201,25912,3,553,92,18912,60,16289,1418,363825,10,836,289,29779,0,90,40,7091,4,579,218,20602
dom,2020-09-27,39,47,7228,2269,288619,0,31,0,980,0,33,0,1166,0,33,0,968,0,447,0,17580,0,52,0,1956,0,90,0,3737,0,1847,0,60073,45,35108,1349,972237,0,1930,0,55593,0,586,0,21626,0,845,0,25912,0,553,0,18912,0,16289,0,363825,0,836,0,29779,0,90,0,7091,0,579,0,20602
